{"__symbolic":"module","version":4,"metadata":{"UpdatesModule":{"__symbolic":"class","decorators":[{"__symbolic":"call","expression":{"__symbolic":"reference","module":"@angular/core","name":"NgModule","line":21,"character":1},"arguments":[{"declarations":[{"__symbolic":"reference","name":"ɵa"}],"imports":[{"__symbolic":"reference","module":"@angular/common","name":"CommonModule","line":26,"character":8},{"__symbolic":"reference","module":"@angular/material","name":"MatInputModule","line":27,"character":8},{"__symbolic":"reference","module":"@angular/material","name":"MatIconModule","line":28,"character":8},{"__symbolic":"reference","module":"@angular/material","name":"MatCardModule","line":29,"character":8},{"__symbolic":"reference","module":"@angular/material","name":"MatSelectModule","line":30,"character":8},{"__symbolic":"reference","module":"@angular/material","name":"MatButtonModule","line":31,"character":8},{"__symbolic":"call","expression":{"__symbolic":"select","expression":{"__symbolic":"reference","module":"@angular/router","name":"RouterModule","line":32,"character":8},"member":"forChild"},"arguments":[{"__symbolic":"reference","name":"ɵd"}]},{"__symbolic":"reference","module":"@angular/material","name":"MatProgressBarModule","line":33,"character":8},{"__symbolic":"reference","module":"@angular/forms","name":"FormsModule","line":34,"character":8},{"__symbolic":"reference","module":"@covalent/core","name":"CovalentMessageModule","line":35,"character":8},{"__symbolic":"reference","module":"@covalent/core","name":"CovalentDialogsModule","line":36,"character":8},{"__symbolic":"reference","module":"@angular/material","name":"MatTableModule","line":37,"character":8},{"__symbolic":"reference","module":"@angular/material","name":"MatListModule","line":38,"character":8},{"__symbolic":"reference","module":"@alfresco/adf-core","name":"CoreModule","line":39,"character":8},{"__symbolic":"reference","module":"@angular/forms","name":"ReactiveFormsModule","line":40,"character":8},{"__symbolic":"reference","module":"@lamis/web-core","name":"MatDateFormatModule","line":41,"character":8},{"__symbolic":"reference","module":"ng2-validation","name":"CustomFormsModule","line":42,"character":8}],"exports":[],"entryComponents":[],"providers":[]}]}],"members":{}},"DatabaseSyncModule":{"__symbolic":"class","decorators":[{"__symbolic":"call","expression":{"__symbolic":"reference","module":"@angular/core","name":"NgModule","line":8,"character":1},"arguments":[{"imports":[{"__symbolic":"reference","module":"@angular/common","name":"CommonModule","line":10,"character":8},{"__symbolic":"reference","name":"ɵf"},{"__symbolic":"call","expression":{"__symbolic":"select","expression":{"__symbolic":"reference","module":"@angular/router","name":"RouterModule","line":12,"character":8},"member":"forChild"},"arguments":[{"__symbolic":"reference","name":"ɵg"}]},{"__symbolic":"reference","module":"@alfresco/adf-core","name":"CoreModule","line":13,"character":8}],"declarations":[{"__symbolic":"reference","name":"ɵh"}]}]}],"members":{}},"ModulesUpdateModule":{"__symbolic":"class","decorators":[{"__symbolic":"call","expression":{"__symbolic":"reference","module":"@angular/core","name":"NgModule","line":11,"character":1},"arguments":[{"imports":[{"__symbolic":"reference","module":"@angular/common","name":"CommonModule","line":13,"character":8},{"__symbolic":"call","expression":{"__symbolic":"select","expression":{"__symbolic":"reference","module":"@angular/router","name":"RouterModule","line":14,"character":8},"member":"forChild"},"arguments":[{"__symbolic":"reference","name":"ɵj"}]},{"__symbolic":"reference","module":"@alfresco/adf-core","name":"CoreModule","line":15,"character":8},{"__symbolic":"reference","name":"ɵf"},{"__symbolic":"reference","module":"@covalent/core","name":"CovalentCommonModule","line":17,"character":8},{"__symbolic":"reference","module":"@covalent/core","name":"CovalentFileModule","line":18,"character":8},{"__symbolic":"reference","module":"@lamis/web-core","name":"LamisSharedModule","line":19,"character":8}],"declarations":[{"__symbolic":"reference","name":"ɵk"},{"__symbolic":"reference","name":"ɵm"}],"providers":[{"__symbolic":"reference","name":"ɵi"}]}]}],"members":{}},"UpdatesManagementModule":{"__symbolic":"class","decorators":[{"__symbolic":"call","expression":{"__symbolic":"reference","module":"@angular/core","name":"NgModule","line":9,"character":1},"arguments":[{"imports":[{"__symbolic":"reference","module":"@angular/common","name":"CommonModule","line":11,"character":8},{"__symbolic":"reference","module":"@alfresco/adf-core","name":"CoreModule","line":12,"character":8},{"__symbolic":"reference","name":"ɵf"}]}]}],"members":{}},"ROUTES":[{"path":"","data":{"title":"Database Upload Report","breadcrumb":"DATABASE UPLOAD REPORT"},"children":[{"path":"","component":{"__symbolic":"reference","name":"ɵn"},"data":{"authorities":["ROLE_ADMIN"],"title":"Database Upload Report","breadcrumb":"DATABASE UPLOAD REPORT"}}]}],"UploadReportModule":{"__symbolic":"class","decorators":[{"__symbolic":"call","expression":{"__symbolic":"reference","module":"@angular/core","name":"NgModule","line":29,"character":1},"arguments":[{"declarations":[{"__symbolic":"reference","name":"ɵn"}],"imports":[{"__symbolic":"reference","module":"@angular/common","name":"CommonModule","line":34,"character":8},{"__symbolic":"call","expression":{"__symbolic":"select","expression":{"__symbolic":"reference","module":"@angular/router","name":"RouterModule","line":35,"character":8},"member":"forChild"},"arguments":[{"__symbolic":"reference","name":"ROUTES"}]},{"__symbolic":"reference","name":"ɵf"},{"__symbolic":"reference","module":"@angular/forms","name":"FormsModule","line":37,"character":8}]}]}],"members":{}},"ɵa":{"__symbolic":"class","decorators":[{"__symbolic":"call","expression":{"__symbolic":"reference","module":"@angular/core","name":"Component","line":12,"character":1},"arguments":[{"selector":"modules-update","template":"<div class=\"lamis-edit-form\">\n    <div class=\"lamis-edit-form-container\">\n        <mat-card>\n            <mat-card-header *ngIf=\"installed\">\n                <mat-card-title>\n                    <p style=\"color: green\">\n                        Updates installed; please restart service or system\n                    </p>\n                </mat-card-title>\n            </mat-card-header>\n            <ng-container *ngIf=\"!completeChecking && checked\">\n                <div class=\"full-width\">\n                    <mat-progress-bar class=\"full-width\" mode=\"indeterminate\"></mat-progress-bar>\n                </div>\n            </ng-container>\n            <mat-card-content>\n                <adf-card-view [properties]=\"properties\" editable=\"false\"></adf-card-view>\n                <mat-divider [inset]=\"true\"></mat-divider>\n                <div class=\"row\" *ngIf=\"modules\">\n                    <div class=\"col-sm-12 col-md-6 col-lg-4\"\n                         *ngFor=\"let module of modules\">\n                        <mat-card class=\"\">\n                            <mat-card-content>\n                                <adf-card-view [properties]=\"getProperties(module)\"></adf-card-view>\n                            </mat-card-content>\n                        </mat-card>\n                    </div>\n                </div>\n                <adf-empty-content\n                        *ngIf=\"!modules.length && checked && completeChecking\"\n                        icon=\"group\"\n                        [title]=\"'No updates available'\">\n                </adf-empty-content>\n                <mat-divider></mat-divider>\n                <mat-card-actions style=\"text-align: right !important;\">\n                    <button mat-raised-button type=\"button\" (click)=\"previousState()\">Back</button>\n                    <button mat-raised-button color='accent'\n                            (click)=\"checkForUpdates()\"\n                            [disabled]=\"!completeChecking && checked || isUpdating || !serverContacted\"\n                            type=\"button\">\n                        Check for Updates\n                    </button>\n                    <button mat-raised-button color='primary' *ngIf=\"!!modules.length\"\n                            (click)=\"updateModules()\"\n                            [disabled]=\"!completeChecking && checked || isUpdating\"\n                            type=\"button\">\n                        Install Updates\n                    </button>\n                </mat-card-actions>\n            </mat-card-content>\n        </mat-card>\n    </div>\n</div>\n"}]}],"members":{"__ctor__":[{"__symbolic":"constructor","parameters":[{"__symbolic":"reference","name":"ɵb"},{"__symbolic":"reference","module":"@stomp/ng2-stompjs","name":"RxStompService","line":26,"character":77},{"__symbolic":"reference","name":"ɵc"}]}],"ngOnInit":[{"__symbolic":"method"}],"ngOnDestroy":[{"__symbolic":"method"}],"checkForUpdates":[{"__symbolic":"method"}],"getProperties":[{"__symbolic":"method"}],"updateModules":[{"__symbolic":"method"}],"previousState":[{"__symbolic":"method"}]}},"ɵb":{"__symbolic":"class","decorators":[{"__symbolic":"call","expression":{"__symbolic":"reference","module":"@angular/core","name":"Injectable","line":10,"character":1},"arguments":[{"providedIn":"root"}]}],"members":{"__ctor__":[{"__symbolic":"constructor","parameterDecorators":[null,[{"__symbolic":"call","expression":{"__symbolic":"reference","module":"@angular/core","name":"Inject","line":16,"character":45},"arguments":[{"__symbolic":"reference","module":"@lamis/web-core","name":"SERVER_API_URL_CONFIG","line":16,"character":52}]}]],"parameters":[{"__symbolic":"reference","module":"@angular/common/http","name":"HttpClient","line":16,"character":32},{"__symbolic":"reference","module":"@lamis/web-core","name":"ServerApiUrlConfig","line":16,"character":94}]}],"installUpdates":[{"__symbolic":"method"}],"availableUpdates":[{"__symbolic":"method"}],"checkForUpdates":[{"__symbolic":"method"}],"lastHeartbeat":[{"__symbolic":"method"}]},"statics":{"ngInjectableDef":{}}},"ɵc":{"__symbolic":"class","decorators":[{"__symbolic":"call","expression":{"__symbolic":"reference","module":"@angular/core","name":"Injectable","line":4,"character":1},"arguments":[{"providedIn":"root"}]}],"members":{"__ctor__":[{"__symbolic":"constructor","parameterDecorators":[null,[{"__symbolic":"call","expression":{"__symbolic":"reference","module":"@angular/core","name":"Inject","line":10,"character":45},"arguments":[{"__symbolic":"reference","module":"@lamis/web-core","name":"SERVER_API_URL_CONFIG","line":10,"character":52}]}]],"parameters":[{"__symbolic":"reference","module":"@angular/common/http","name":"HttpClient","line":10,"character":32},{"__symbolic":"reference","module":"@lamis/web-core","name":"ServerApiUrlConfig","line":10,"character":94}]}],"sync":[{"__symbolic":"method"}],"downloadBiometrics":[{"__symbolic":"method"}],"uploadBiometrics":[{"__symbolic":"method"}],"biometricDownloadCompleted":[{"__symbolic":"method"}],"biometricUploadCompleted":[{"__symbolic":"method"}],"downloadCparp":[{"__symbolic":"method"}],"downloadMobileRecords":[{"__symbolic":"method"}],"init":[{"__symbolic":"method"}],"states":[{"__symbolic":"method"}],"getActiveFacility":[{"__symbolic":"method"}],"destroy":[{"__symbolic":"method"}],"uploadReport":[{"__symbolic":"method"}]},"statics":{"ngInjectableDef":{}}},"ɵd":[{"path":"","data":{"title":"Module Updates","breadcrumb":"MODULE UPDATES"},"children":[{"path":"","component":{"__symbolic":"reference","name":"ɵa"},"data":{"authorities":["ROLE_ADMIN"],"title":"Module Updates","breadcrumb":"MODULE UPDATES"}}]}],"ɵe":{"__symbolic":"function","parameters":[],"value":[{"__symbolic":"reference","module":"@angular/material","name":"MatAutocompleteModule","line":51,"character":8},{"__symbolic":"reference","module":"@angular/material","name":"MatButtonModule","line":51,"character":31},{"__symbolic":"reference","module":"@angular/material","name":"MatCardModule","line":51,"character":48},{"__symbolic":"reference","module":"@angular/material","name":"MatCheckboxModule","line":51,"character":63},{"__symbolic":"reference","module":"@angular/material","name":"MatChipsModule","line":52,"character":8},{"__symbolic":"reference","module":"@angular/material","name":"MatDatepickerModule","line":52,"character":24},{"__symbolic":"reference","module":"@angular/material","name":"MatDialogModule","line":52,"character":45},{"__symbolic":"reference","module":"@angular/material","name":"MatGridListModule","line":52,"character":62},{"__symbolic":"reference","module":"@angular/material","name":"MatIconModule","line":52,"character":81},{"__symbolic":"reference","module":"@angular/material","name":"MatInputModule","line":53,"character":8},{"__symbolic":"reference","module":"@angular/material","name":"MatListModule","line":53,"character":24},{"__symbolic":"reference","module":"@angular/material","name":"MatNativeDateModule","line":53,"character":39},{"__symbolic":"reference","module":"@angular/material","name":"MatOptionModule","line":53,"character":60},{"__symbolic":"reference","module":"@angular/material","name":"MatProgressSpinnerModule","line":53,"character":77},{"__symbolic":"reference","module":"@angular/material","name":"MatRadioModule","line":53,"character":103},{"__symbolic":"reference","module":"@angular/material","name":"MatRippleModule","line":54,"character":8},{"__symbolic":"reference","module":"@angular/material","name":"MatSelectModule","line":54,"character":25},{"__symbolic":"reference","module":"@angular/material","name":"MatSlideToggleModule","line":54,"character":42},{"__symbolic":"reference","module":"@angular/material","name":"MatTableModule","line":54,"character":64},{"__symbolic":"reference","module":"@angular/material","name":"MatTabsModule","line":54,"character":80},{"__symbolic":"reference","module":"@angular/material","name":"MatMenuModule","line":55,"character":8},{"__symbolic":"reference","module":"@angular/material","name":"MatProgressBarModule","line":55,"character":23},{"__symbolic":"reference","module":"@angular/material","name":"MatSidenavModule","line":55,"character":45},{"__symbolic":"reference","module":"@angular/material","name":"MatSnackBarModule","line":55,"character":63},{"__symbolic":"reference","module":"@angular/material","name":"MatToolbarModule","line":55,"character":82},{"__symbolic":"reference","module":"@angular/material","name":"MatTooltipModule","line":56,"character":8},{"__symbolic":"reference","module":"@mat-datetimepicker/core","name":"MatDatetimepickerModule","line":56,"character":26},{"__symbolic":"reference","module":"@mat-datetimepicker/core","name":"MatNativeDatetimeModule","line":56,"character":51}]},"ɵf":{"__symbolic":"class","decorators":[{"__symbolic":"call","expression":{"__symbolic":"reference","module":"@angular/core","name":"NgModule","line":60,"character":1},"arguments":[{"imports":{"__symbolic":"call","expression":{"__symbolic":"reference","name":"ɵe"}},"exports":{"__symbolic":"call","expression":{"__symbolic":"reference","name":"ɵe"}}}]}],"members":{}},"ɵg":[{"path":"","data":{"title":"Database Sync","breadcrumb":"DATABASE SYNC"},"children":[{"path":"","component":{"__symbolic":"reference","name":"ɵh"},"data":{"authorities":["ROLE_ADMIN"],"title":"Database Sync","breadcrumb":"DATABASE SYNC"}}]}],"ɵh":{"__symbolic":"class","decorators":[{"__symbolic":"call","expression":{"__symbolic":"reference","module":"@angular/core","name":"Component","line":17,"character":1},"arguments":[{"selector":"database-sync","template":"<div class=\"lamis-edit-form\">\n    <div class=\"lamis-edit-form-container\">\n        <mat-card>\n            <ng-container *ngIf=\"syncing\">\n                <div class=\"full-width\">\n                    <mat-progress-bar class=\"full-width\" mode=\"indeterminate\"></mat-progress-bar>\n                </div>\n            </ng-container>\n            <mat-card-header>\n                <mat-card-title>Synchronize Database to Server</mat-card-title>\n                <button mat-icon-button [matMenuTriggerFor]=\"menu\" aria-label=\"Biometrics options\">\n                    <mat-icon>more_vert</mat-icon>\n                </button>\n                <mat-menu #menu=\"matMenu\">\n                    <button mat-menu-item (click)=\"uploadBiometrics()\" [disabled]=\"!serverContacted\">\n                        <mat-icon>file_upload</mat-icon>\n                        <span>Sync Biometrics</span>\n                    </button>\n                    <button mat-menu-item (click)=\"downloadBiometrics()\" [disabled]=\"!serverContacted\">\n                        <mat-icon>file_download</mat-icon>\n                        <span>Download Biometrics</span>\n                    </button>\n                </mat-menu>\n            </mat-card-header>\n            <mat-card-content>\n                <adf-card-view [properties]=\"properties\" [editable]=\"false\"></adf-card-view>\n                <mat-divider [inset]=\"true\"></mat-divider>\n                <mat-form-field class=\"full-width\">\n                    <mat-label>Synced Tables</mat-label>\n                    <textarea matInput disabled [value]='tables' rows=\"10\"></textarea>\n                </mat-form-field>\n                <mat-divider></mat-divider>\n                <mat-card-actions style=\"text-align: right !important;\">\n                    <button mat-raised-button type=\"button\" (click)=\"previousState()\">Back</button>\n                    <button mat-raised-button color='accent'\n                            (click)=\"downloadMobileRecords()\"\n                            [disabled]=\"downloading || !serverContacted\"\n                            type=\"button\">\n                        Download Mobile Records\n                    </button>\n                    <button mat-raised-button color='accent'\n                            (click)=\"downloadCparp()\"\n                            [disabled]=\"downloading || !serverContacted\"\n                            type=\"button\">\n                        Download CPARP Refill\n                    </button>\n                    <button mat-raised-button color='primary'\n                            (click)=\"sync()\"\n                            [disabled]=\"syncing || !serverContacted\"\n                            type=\"submit\">\n                        Upload to Server\n                    </button>\n                </mat-card-actions>\n            </mat-card-content>\n        </mat-card>\n    </div>\n</div>\n"}]}],"members":{"__ctor__":[{"__symbolic":"constructor","parameters":[{"__symbolic":"reference","module":"@stomp/ng2-stompjs","name":"RxStompService","line":33,"character":38},{"__symbolic":"reference","name":"ɵc"},{"__symbolic":"reference","module":"@alfresco/adf-core","name":"NotificationService","line":33,"character":110},{"__symbolic":"reference","module":"@lamis/web-core","name":"AppLoaderService","line":34,"character":39}]}],"ngOnInit":[{"__symbolic":"method"}],"ngOnDestroy":[{"__symbolic":"method"}],"sync":[{"__symbolic":"method"}],"downloadCparp":[{"__symbolic":"method"}],"downloadMobileRecords":[{"__symbolic":"method"}],"downloadBiometrics":[{"__symbolic":"method"}],"uploadBiometrics":[{"__symbolic":"method"}],"previousState":[{"__symbolic":"method"}],"insertAt":[{"__symbolic":"method"}]}},"ɵi":{"__symbolic":"class","decorators":[{"__symbolic":"call","expression":{"__symbolic":"reference","module":"@angular/core","name":"Injectable","line":11,"character":1}}],"members":{"__ctor__":[{"__symbolic":"constructor","parameters":[{"__symbolic":"reference","name":"ɵl"}]}],"resolve":[{"__symbolic":"method"}]}},"ɵj":[{"path":"","data":{"authorities":["ROLE_MODULE_MANAGEMENT"],"title":"Modules Update List","breadcrumb":"MODULES UPDATE LIST"},"canActivate":[{"__symbolic":"reference","module":"@lamis/web-core","name":"UserRouteAccessService","line":36,"character":22}],"children":[{"path":"","component":{"__symbolic":"reference","name":"ɵk"},"data":{"title":"Modules Update List","breadcrumb":"MODULES UPDATE LIST"}},{"path":"new","component":{"__symbolic":"reference","name":"ɵm"},"data":{"title":"Upload Module Update","breadcrumb":"UPLOAD MODULE UPDATE"}},{"path":":id/update","component":{"__symbolic":"reference","name":"ɵm"},"resolve":{"module":{"__symbolic":"reference","name":"ɵi"}},"data":{"title":"Upload Module Update","breadcrumb":"UPLOAD MODULE UPDATE"}}]}],"ɵk":{"__symbolic":"class","decorators":[{"__symbolic":"call","expression":{"__symbolic":"reference","module":"@angular/core","name":"Component","line":11,"character":1},"arguments":[{"selector":"module-update-list","template":"<mat-card>\n    <mat-card-header>\n        Modules Update\n    </mat-card-header>\n    <mat-card-content>\n        <div class=\"row\" *ngIf=\"modules\">\n            <div class=\"col-sm-12 col-md-6 col-lg-4\"\n                 *ngFor=\"let module of modules\">\n                <mat-card class=\"\">\n                    <mat-card-content>\n                        <adf-card-view [properties]=\"getProperties(module)\"></adf-card-view>\n                    </mat-card-content>\n                    <mat-card-actions style=\"text-align: right !important;\">\n                        <button mat-raised-button color=\"accent\" type=\"button\" (click)=\"uninstall(module)\">Set for Uninstall</button>\n                        <button mat-raised-button type=\"button\" (click)=\"update(module)\">Update</button>\n                    </mat-card-actions>\n                </mat-card>\n            </div>\n        </div>\n        <mat-divider></mat-divider>\n        <mat-card-actions style=\"text-align: right !important;\">\n            <button mat-raised-button type=\"button\" (click)=\"previousState()\">Back</button>\n        </mat-card-actions>\n    </mat-card-content>\n</mat-card>\n<div class=\"fab-container\">\n    <button mat-fab\n            [matTooltip]=\"'Add Update'\"\n            [routerLink]=\"['new']\">\n        <mat-icon>add</mat-icon>\n    </button>\n</div>\n"}]}],"members":{"__ctor__":[{"__symbolic":"constructor","parameters":[{"__symbolic":"reference","name":"ɵl"},{"__symbolic":"reference","module":"@angular/router","name":"Router","line":18,"character":90},{"__symbolic":"reference","module":"@angular/router","name":"ActivatedRoute","line":18,"character":113}]}],"ngOnInit":[{"__symbolic":"method"}],"ngOnDestroy":[{"__symbolic":"method"}],"getProperties":[{"__symbolic":"method"}],"update":[{"__symbolic":"method"}],"uninstall":[{"__symbolic":"method"}],"previousState":[{"__symbolic":"method"}]}},"ɵl":{"__symbolic":"class","decorators":[{"__symbolic":"call","expression":{"__symbolic":"reference","module":"@angular/core","name":"Injectable","line":9,"character":1},"arguments":[{"providedIn":"root"}]}],"members":{"__ctor__":[{"__symbolic":"constructor","parameterDecorators":[null,[{"__symbolic":"call","expression":{"__symbolic":"reference","module":"@angular/core","name":"Inject","line":15,"character":45},"arguments":[{"__symbolic":"reference","module":"@lamis/web-core","name":"SERVER_API_URL_CONFIG","line":15,"character":52}]}]],"parameters":[{"__symbolic":"reference","module":"@angular/common/http","name":"HttpClient","line":15,"character":32},{"__symbolic":"reference","module":"@lamis/web-core","name":"ServerApiUrlConfig","line":15,"character":94}]}],"findById":[{"__symbolic":"method"}],"availableModules":[{"__symbolic":"method"}],"uploadModule":[{"__symbolic":"method"}],"install":[{"__symbolic":"method"}],"uninstall":[{"__symbolic":"method"}]},"statics":{"ngInjectableDef":{}}},"ɵm":{"__symbolic":"class","decorators":[{"__symbolic":"call","expression":{"__symbolic":"reference","module":"@angular/core","name":"Component","line":12,"character":1},"arguments":[{"selector":"module-update-update","template":"<div class=\"lamis-edit-form\">\n    <div class=\"lamis-edit-form-container\">\n        <mat-card>\n            <mat-card-header *ngIf=\"update\">\n                Updating {{module.name}}\n            </mat-card-header>\n            <mat-card-content>\n                <td-file-upload #singleFileUpload [(ngModel)]=\"files\"\n                                (select)=\"selectEvent($event)\"\n                                (upload)=\"uploadEvent($event)\" (cancel)=\"cancelEvent()\"\n                                accept=\".jar\" required>\n                    <mat-icon>file_upload</mat-icon>\n                    <span>{{ singleFileUpload.value?.name }}</span>\n                    <ng-template td-file-input-label>\n                        <mat-icon>attach_file</mat-icon>\n                        <span>Choose a file...</span>\n                        <span [hidden]=\"!singleFileUpload?.required\">*</span>\n                    </ng-template>\n                </td-file-upload>\n            </mat-card-content>\n        </mat-card>\n        <mat-card *ngIf=\"module\">\n            <mat-card-title>\n                Module Details\n            </mat-card-title>\n            <mat-card-content>\n                <adf-card-view [properties]=\"properties\"></adf-card-view>\n                <mat-card-actions>\n                    <button mat-raised-button color=\"primary\" [disabled]=\"!uploaded\" (click)=\"install()\">Save</button>\n                </mat-card-actions>\n            </mat-card-content>\n        </mat-card>\n    </div>\n</div>\n"}]}],"members":{"__ctor__":[{"__symbolic":"constructor","parameters":[{"__symbolic":"reference","module":"@alfresco/adf-core","name":"NotificationService","line":23,"character":38},{"__symbolic":"reference","module":"@angular/router","name":"Router","line":23,"character":75},{"__symbolic":"reference","name":"ɵl"},{"__symbolic":"reference","module":"@lamis/web-core","name":"AppLoaderService","line":24,"character":39},{"__symbolic":"reference","module":"@angular/router","name":"ActivatedRoute","line":24,"character":72}]}],"ngOnInit":[{"__symbolic":"method"}],"uploadEvent":[{"__symbolic":"method"}],"install":[{"__symbolic":"method"}],"selectEvent":[{"__symbolic":"method"}],"cancelEvent":[{"__symbolic":"method"}]}},"ɵn":{"__symbolic":"class","decorators":[{"__symbolic":"call","expression":{"__symbolic":"reference","module":"@angular/core","name":"Component","line":6,"character":1},"arguments":[{"selector":"upload-report","template":"<div class=\"lamis-edit-form\">\n    <div class=\"lamis-edit-form-container\">\n        <mat-card>\n            <mat-card-header>\n                <mat-card-title>\n                    Database Upload/ Biometric Coverage Report\n                </mat-card-title>\n            </mat-card-header>\n            <mat-card-content>\n                <div class=\"row\">\n                    <div class=\"col-md-6\">\n                        <mat-form-field class=\"full-width\">\n                            <mat-label>State</mat-label>\n                            <mat-select [(ngModel)]=\"state\" name=\"state\">\n                                <mat-option></mat-option>\n                                <mat-option *ngFor=\"let c of states\" [value]=\"c\">{{c.name}}\n                                </mat-option>\n                            </mat-select>\n                        </mat-form-field>\n                    </div>\n                    <div class=\"col-md-6\">\n                        <mat-form-field class=\"full-width\">\n                            <mat-label>Format</mat-label>\n                            <mat-select [(ngModel)]=\"format\" name=\"format\">\n                                <mat-option [value]=\"0\">PDF</mat-option>\n                                <mat-option [value]=\"1\">Excel</mat-option>\n                            </mat-select>\n                        </mat-form-field>\n                    </div>\n                </div>\n                <mat-card-actions style=\"text-align: right !important;\">\n                    <button mat-raised-button type=\"button\" (click)=\"previousState()\">Back</button>\n                    <button mat-raised-button color='primary'\n                            (click)=\"generate()\"\n                            [disabled]=\"!state\"\n                            type=\"button\">\n                        Generate\n                    </button>\n                </mat-card-actions>\n            </mat-card-content>\n        </mat-card>\n    </div>\n</div>\n"}]}],"members":{"__ctor__":[{"__symbolic":"constructor","parameters":[{"__symbolic":"reference","name":"ɵc"},{"__symbolic":"reference","module":"@lamis/web-core","name":"AppLoaderService","line":16,"character":65},{"__symbolic":"reference","module":"@alfresco/adf-core","name":"NotificationService","line":16,"character":105}]}],"ngOnInit":[{"__symbolic":"method"}],"previousState":[{"__symbolic":"method"}],"generate":[{"__symbolic":"method"}]}}},"origins":{"UpdatesModule":"./lib/updates.module","DatabaseSyncModule":"./lib/database.sync.module","ModulesUpdateModule":"./lib/modules.update.module","UpdatesManagementModule":"./lib/updates.management.module","ROUTES":"./lib/upload.report.module","UploadReportModule":"./lib/upload.report.module","ɵa":"./lib/components/modules-update/modules-update.component","ɵb":"./lib/services/modules.update.service","ɵc":"./lib/services/sync.service","ɵd":"./lib/services/modules-update.route","ɵe":"./lib/material.module","ɵf":"./lib/material.module","ɵg":"./lib/services/database.sync.route","ɵh":"./lib/components/database-sync/database.sync.component","ɵi":"./lib/services/modules.update.route","ɵj":"./lib/services/modules.update.route","ɵk":"./lib/components/updates-management/module.list.component","ɵl":"./lib/services/module.management.service","ɵm":"./lib/components/updates-management/module.update.component","ɵn":"./lib/components/upload-report/upload.report.component"},"importAs":"lamis-database"}