<?xml version="1.0" encoding="utf-8"?>
<databaseChangeLog
        xmlns="http://www.liquibase.org/xml/ns/dbchangelog"
        xmlns:xsi="http://www.w3.org/2001/XMLSchema-instance"
        xsi:schemaLocation="http://www.liquibase.org/xml/ns/dbchangelog http://www.liquibase.org/xml/ns/dbchangelog/dbchangelog-3.5.xsd">

    <property name="autoIncrement" value="true"/>

    <!--<changeSet id="20200329170437-01" author="mattae" failOnError="false">
        <sql>
            CREATE TABLE sym_sequence (
            sequence_name character varying(50) COLLATE pg_catalog."default" NOT NULL,
            current_value bigint NOT NULL DEFAULT 0,
            increment_by integer NOT NULL DEFAULT 1,
            min_value bigint NOT NULL DEFAULT 1,
            max_value bigint NOT NULL DEFAULT '9999999999'::bigint,
            cycle_flag smallint DEFAULT 0,
            cache_size integer NOT NULL DEFAULT 0,
            create_time timestamp without time zone,
            last_update_by character varying(50) COLLATE pg_catalog."default",
            last_update_time timestamp without time zone NOT NULL,
            CONSTRAINT sym_sequence_pkey PRIMARY KEY (sequence_name)
            )
        </sql>
    </changeSet>-->
    <!--<changeSet id="20200329170437-02" author="mattae" failOnError="false">
        <loadData encoding="UTF-8"
                  file="installers/database/sym_sequence.csv"
                  separator=","
                  tableName="sym_sequence"/>
    </changeSet>-->
    <!--
        <changeSet id="20200714233921-01" author="mattae" failOnError="true">
            <loadData encoding="UTF-8"
                      file="installers/database/extension.csv"
                      separator="#"
                      tableName="sym_extension">
                <column name="enabled" type="numeric"/>
                <column name="extension_order" type="numeric"/>
            </loadData>
        </changeSet>-->

    <changeSet id="20200718142134-01" author="mattae">
        <createTable tableName="module_update">
            <column name="id" type="serial" autoIncrement="true">
                <constraints nullable="false" primaryKey="true"/>
            </column>
            <column name="name" type="varchar(128)">
                <constraints nullable="false" unique="true" uniqueConstraintName="ux_module_update_name"/>
            </column>
            <column name="file_name" type="varchar(256)">
                <constraints nullable="false"/>
            </column>
            <column name="install" type="boolean" defaultValue="false"/>
            <column name="uninstall" type="boolean" defaultValue="false"/>
            <column name="data" type="bytea">
                <constraints nullable="false"/>
            </column>
        </createTable>
    </changeSet>

    <changeSet id="20200718142134-02" author="mattae">
        <createTable tableName="sync_trigger">
            <column name="id" type="serial">
                <constraints nullable="false" primaryKey="true"/>
            </column>
            <column name="trigger_id" type="varchar(128)">
                <constraints nullable="false" unique="true" uniqueConstraintName="ux_record_sync_trigger_id"/>
            </column>
            <column name="priority" type="int" defaultValue="100">
                <constraints nullable="false"/>
            </column>
            <column name="start" type="timestamp"/>
            <column name="end" type="timestamp"/>
        </createTable>
    </changeSet>

    <changeSet id="20200718142134-03" author="mattae">
        <createTable tableName="update_status">
            <column name="id" type="varchar(36)" defaultValueComputed="uuid_generate_v4()::text">
                <constraints nullable="false" primaryKey="true"/>
            </column>
            <column name="name" type="varchar(128)">
                <constraints nullable="false"/>
            </column>
            <column name="version" type="varchar(8)">
                <constraints nullable="false"/>
            </column>
            <column name="node_id" type="varchar(8)">
                <constraints nullable="false"/>
            </column>
        </createTable>
    </changeSet>

    <changeSet id="20200723134611-01-0" author="mattae">
        <sqlFile path="installers/database/schema/fix_merge_import.sql" splitStatements="false"/>
    </changeSet>
    <changeSet id="20200723134611-02-01-01-" author="mattae">
        <sql>
            drop trigger if exists soft_delete_clinic_adhere on clinic_adhere;
            drop trigger if exists soft_delete_clinic_adhere on clinic_opportunistic_infection;
            drop trigger if exists soft_delete_clinic_opportunistic_infection on clinic_opportunistic_infection;
        </sql>
    </changeSet>

    <changeSet id="20200723134611-03-01" author="mattae">
        <sql>
            update module set priority = 1 where name = 'LamisLegacyModule';
        </sql>
    </changeSet>

    <changeSet id="20200723134611-04" author="mattae">
        <sqlFile path="installers/database/schema/fix_known_death_ltfu.sql" splitStatements="false"/>
    </changeSet>

    <changeSet id="20200723134611-05" author="mattae">
        <sql>
            update devolve set dmoc_type = 'MMD' where dmoc_type = 'null' or dmoc_type is null;
        </sql>
    </changeSet>

    <changeSet id="20200723134611-08" author="mattae">
        <preConditions onFail="MARK_RAN">
            <not>
                <columnExists tableName="appointment" columnName="date_tracked"/>
            </not>
        </preConditions>
        <addColumn tableName="appointment">
            <column name="date_tracked" type="timestamp"/>
        </addColumn>
    </changeSet>

    <changeSet id="20200924193217-1" author="mattae">
        <addColumn tableName="module_update">
            <column name="build_time" type="timestamp">
                <constraints nullable="false"/>
            </column>
            <column name="version" type="varchar(16)">
                <constraints nullable="false"/>
            </column>
        </addColumn>
    </changeSet>

    <changeSet id="20200924193217-4" author="mattae">
        <addDefaultValue tableName="module_update" columnName="install" defaultValueBoolean="true"/>
    </changeSet>

    <changeSet id="20200924193217-5" author="mattae">
        <preConditions onFail="MARK_RAN">
            <columnExists tableName="community_pharmacy" columnName="state_id"/>
        </preConditions>
        <dropColumn tableName="community_pharmacy" columnName="state_id"/>
    </changeSet>

    <changeSet id="20200924193217-6" author="mattae">
        <preConditions onFail="MARK_RAN">
            <sqlCheck expectedResult="f">
                select count(*) > 0 from sync_trigger
            </sqlCheck>
        </preConditions>
        <sql>
            insert into sync_trigger(trigger_id, priority) values('public.c_pharm_c_man_dead', 1), ('public.hts_dead', 2), ('public.patient_dead', 3),
            ('public.laboratory_dead', 4), ('public.clinic_dead', 5), ('public.pharmacy_dead', 6), ('public.encounter_dead', 7),
            ('public.pmtct_dead', 8), ('public.unspecified_dead', 9), ('public.biometric_dead', 10), ('public.child_dead', 11);
        </sql>
    </changeSet>

    <changeSet id="20200924193217-8" author="mattae">
        <sqlFile path="installers/database/schema/remove_orphaned_records.sql" splitStatements="false"/>
    </changeSet>

    <changeSet id="20200924193217-9" author="mattae">
        <sql>
            update devolve set related_viral_load_id = null, last_modified = current_timestamp where related_viral_load_id in (select id from laboratory where archived = true);
            update devolve set related_cd4_id = null, last_modified = current_timestamp where related_cd4_id in (select id from laboratory where archived = true);
            update devolve set related_pharmacy_id = null, last_modified = current_timestamp where related_pharmacy_id in (select id from pharmacy where archived = true);
            update devolve set related_clinic_id = null, last_modified = current_timestamp where related_clinic_id in (select id from clinic where archived = true);
        </sql>
    </changeSet>

    <changeSet id="20201105171519-1" author="mattae">
        <sql>
            truncate sync_trigger;
            insert into sync_trigger(trigger_id, priority) values('public.c_pharm_c_man_dead', 1), ('public.hts_dead', 2), ('public.patient_dead', 3),
            ('public.laboratory_dead', 4), ('public.clinic_dead', 5), ('public.pharmacy_dead', 6), ('public.encounter_dead', 7),
            ('public.pmtct_dead', 8), ('public.unspecified_dead', 9), ('public.biometric_dead', 10), ('public.child_dead', 11);
        </sql>
    </changeSet>

    <changeSet id="20201105171519-2" author="mattae">
        <createTable tableName="upload_status">
            <column name="node_id" type="varchar(5)">
                <constraints nullable="false" primaryKey="true"/>
            </column>
            <column name="last_sync" type="timestamp">
                <constraints nullable="false"/>
            </column>
        </createTable>
    </changeSet>

    <changeSet id="20201105171519-3" author="mattae">
        <createTable tableName="roving_facility">
            <column name="p_facility" type="varchar(5)">
                <constraints nullable="false"/>
            </column>
            <column name="s_facility" type="varchar(5)">
                <constraints nullable="false"/>
            </column>
        </createTable>
    </changeSet>

    <changeSet id="20201105171519-4" author="mattae">
        <addPrimaryKey tableName="roving_facility" columnNames="p_facility,s_facility"/>
        <addForeignKeyConstraint baseTableName="roving_facility" baseColumnNames="p_facility"
                                 constraintName="fk_roving_facility_node_id" referencedTableName="upload_status"
                                 referencedColumnNames="node_id"/>
        <addUniqueConstraint tableName="roving_facility" columnNames="s_facility"/>
    </changeSet>

    <changeSet id="20201209125029-1" author="mattae">
        <sql>
            insert into sync_trigger(trigger_id, priority) values('public.status_dead', 12);
        </sql>
    </changeSet>

    <changeSet id="20210105133550-1" author="mattae">
        <sql>
            update sync_trigger set start = '20200901 00:00' where start &lt; '20201001 00:00';
            update sync_trigger set start = '20201001 00:00' where start >= '20201001 00:00' and start &lt; '20201015 00:00';
            update sync_trigger set start = '20200115 00:00' where start >= '2020115 00:00' and start &lt; '20201101 00:00';
            update sync_trigger set start = '20201101 00:00' where start >= '20201101 00:00' and start &lt; '20201115 00:00';
            update sync_trigger set start = '20201115 00:00' where start >= '20201115 00:00' and start &lt; '20201201 00:00';
            update sync_trigger set start = '20201201 00:00' where start >= '20201201 00:00';
        </sql>
    </changeSet>

    <changeSet id="20210105133550-2" author="mattae">
        <sql>
            update sync_trigger set start = '20210101 00:00'
        </sql>
    </changeSet>

    <changeSet id="20210105133550-3" author="mattae">
        <createTable tableName="biometric_redistribution">
            <column name="facility_id" type="int">
                <constraints nullable="false" primaryKey="true"/>
            </column>
            <column name="last_sync" type="date"/>
        </createTable>
    </changeSet>

    <changeSet id="20210726111717-1" author="mattae">
        <sqlFile path="installers/database/schema/database_cleanup.sql" splitStatements="false"/>
    </changeSet>

    <changeSet id="20210518111717-2" author="mattae">
        <sql>
            truncate sync_trigger;
            insert into sync_trigger(id, trigger_id, priority, start) values(1, 'public.c_pharm_c_man_dead', 1, '2021-02-28'),
            (2, 'public.hts_dead', 2, '2021-02-28'), (3, 'public.patient_dead', 3, '2021-02-28'),
            (4, 'public.laboratory_dead', 4, '2021-02-28'), (5, 'public.clinic_dead', 5, '2021-02-28'),
            (6, 'public.pharmacy_dead', 6, '2021-02-28'), (7, 'public.encounter_dead', 7, '2021-02-28'),
            (8, 'public.pmtct_dead', 8, '2021-02-28'), (9, 'public.unspecified_dead', 9, '2021-02-28'),
            (10, 'public.biometric_dead', 10, '2020-10-01'), (11, 'public.child_dead', 11, '2021-02-28'),
            (12, 'public.status_dead', 12, '2020-10-01');
        </sql>
    </changeSet>

</databaseChangeLog>
